data,app_conf.json,342,7D4F8DBEB6EE896B16F036FE01769446
fonts,default.ttf,9460612,F6448C216A6834D74AFB31271FE78EAE
fonts,default2.ttf,60488,B27D4AD5FD7F7C5044C7CBBF2DAD758D
fonts,poppins_black.ttf,151396,14D00DAB1F6802E787183ECAB5CCE85E
fonts,poppins_regular.ttf,158240,093EE89BE9EDE30383F39A899C485A82
images/xx,561135.png,22303,5F26D2CBC8E950B9981A3305C02FCD78
images/xx,8956157.png,20974,90850F5C3A8AFF3DD2D97D26C8FC9517
images/xx,back_s.png,4091,83AD4E6F38ABC328050FE7009ACA6612
images/xx,blue1.png,32637,E3B3ECC2FE83CAFB4F349076D16D7AD3
images/xx,blue10.png,27440,B9E812A73DC8EBA5DBA40E41D23D8245
images/xx,blue11.png,27126,B11E655AC6DD5CD8A4E0C753FF2B96FD
images/xx,blue12.png,27055,06B4709FD94E766D42F3ED8A43F84BF1
images/xx,blue13.png,29399,3CA1D92836831C4D4C0525C813868055
images/xx,blue14.png,30037,089E5E7D88BD9C1FE8A8D58D0FA6E28F
images/xx,blue15.png,30245,A883488F478711D6BD00C3F23B81DD9C
images/xx,blue2.png,32930,4429BE3CA58877503FA6D3B6DF31538E
images/xx,blue3.png,32165,810979CBC8B0123CE6AE98576D07B632
images/xx,blue4.png,31663,AB5BCF383C61FE764DA444A9AFB329B9
images/xx,blue5.png,29239,249ECEB7FF45C72838FE8997C372D595
images/xx,blue6.png,29479,7AFA36F616722BB27EE6D25A8B1A8505
images/xx,blue7.png,27869,0E7565EAB60E29DA27D43FE735846707
images/xx,blue8.png,28978,FF931AC6B46DD0116F4652E0AED0E3C9
images/xx,blue9.png,28628,81FCE8C11FE72F8AA392A822064E7872
images/xx,body_24.png,11352,583AA523CD3078D1E6344F2454A55B75
images/xx,btn_freq.png,1557,8BB179C65B7C82ED488185D78EE73DA6
images/xx,btn_home.png,6251,EF91AB123C0D00EAAC97CE4D7E41897F
images/xx,btn_home_.png,4198,C1D27D773679FDDDE82AAD04980D3394
images/xx,btn_memo.png,1911,029FB34F951DC767A852575ECCF791A5
images/xx,btn_s_1.png,4621,4C810CF3A9F8672A81DFEA5B11A373BB
images/xx,btn_s_2.png,4927,1341BD3C802C48EF6C576F966EAA155B
images/xx,btn_s_3.png,4902,A5C17E6A24AD9E3D8FBBDB6AF7E736A3
images/xx,btn_s_freq.png,3946,D32B53609084E03E419151E2A6408556
images/xx,btn_s_memo.png,4264,444CE3A06B7D4B76D4BB370F3C0F4EBF
images/xx,btn_s_tx.png,3950,AC135005C9E40BA51F02CDF504F66DB9
images/xx,btn_tx.png,1601,4EB7ACEBE9ED70DD98373F092B937084
images/xx,clock_0.png,24472,80BC7E6CE28E2E8982D420EE98C66B25
images/xx,clock_1.png,27300,6FF34023D8C8243335A0E5A0654A021A
images/xx,clock_10.png,29225,5AA31AF13D7ED12F89B2CDCCE7A71A5F
images/xx,clock_11.png,29483,0A3A9A5D3F86C436020B0AE3B2C88B12
images/xx,clock_12.png,29507,8B7FB6CC432466A8A32963B1270B0B6D
images/xx,clock_13.png,29651,3F54535A7475F9F9BEB2DEA894A471B4
images/xx,clock_14.png,29820,ED22E1062650FB6072B45523E1836848
images/xx,clock_15.png,29889,351BD1F46C4E31F220C123E2DCB8A3D0
images/xx,clock_16.png,30046,27EC4EAFD45ADE8125A63941EA1CF653
images/xx,clock_17.png,30098,E4A49B51BA94C154AAC9BC2DCD80072F
images/xx,clock_18.png,30184,6B1E3B05E29F2966B18C51857356A7C6
images/xx,clock_19.png,30342,055ED4175EB2DA1D05695C8AEDF16417
images/xx,clock_2.png,27444,D4104889669520BB634000FAFD3303C4
images/xx,clock_20.png,30398,A2CBE101D80C0D33462E6AA2850BFDB1
images/xx,clock_21.png,30620,7B56B38C5EDB931D47312E4B45F1411C
images/xx,clock_22.png,30677,EE646DFB537142B38A4734DA2EE38747
images/xx,clock_23.png,30751,D4F68D53D83CC538CBD1A7D1184C7252
images/xx,clock_24.png,30848,70193CFD98C455865AA94A460B286F1F
images/xx,clock_25.png,30946,ECEBEB4F00CE6ACCFF94B7E076720C09
images/xx,clock_26.png,30960,03E18D7E95054B299A2B4E4FCC45CC21
images/xx,clock_27.png,31022,B8680C8B9C120C654AEF9892DE32D560
images/xx,clock_28.png,31286,B305A4D0493D87243E6A138FD2E9B4B7
images/xx,clock_29.png,31298,9027CD0B71D3D05882AC3FED557142FC
images/xx,clock_3.png,27580,0A7B19C5D77E1BDA435C05F3EF3CBA7D
images/xx,clock_30.png,31346,300FEAED9CCEA74FF40850D6996732C7
images/xx,clock_31.png,31298,9027CD0B71D3D05882AC3FED557142FC
images/xx,clock_32.png,31287,35D23BFCC5C6023568F44CE6287A300A
images/xx,clock_33.png,31028,CACF1D63360604837E6631BB7290A644
images/xx,clock_34.png,30960,03E18D7E95054B299A2B4E4FCC45CC21
images/xx,clock_35.png,30946,ECEBEB4F00CE6ACCFF94B7E076720C09
images/xx,clock_36.png,30848,70193CFD98C455865AA94A460B286F1F
images/xx,clock_37.png,30755,DE01C3A49B1AB803C7F74CE6FC5C060F
images/xx,clock_38.png,30678,FF086649F642D94D3DD3E6ABD1E8CA60
images/xx,clock_39.png,30620,7B56B38C5EDB931D47312E4B45F1411C
images/xx,clock_4.png,27872,12D808CF59E8BB680391D7DC5BE09B15
images/xx,clock_40.png,30398,A2CBE101D80C0D33462E6AA2850BFDB1
images/xx,clock_41.png,30342,055ED4175EB2DA1D05695C8AEDF16417
images/xx,clock_42.png,30183,0D4A9794E02316C673E3508D390BA405
images/xx,clock_43.png,30102,99770296CAD90C19BEFDFDB059D13F96
images/xx,clock_44.png,30046,27EC4EAFD45ADE8125A63941EA1CF653
images/xx,clock_45.png,29889,351BD1F46C4E31F220C123E2DCB8A3D0
images/xx,clock_46.png,29820,ED22E1062650FB6072B45523E1836848
images/xx,clock_47.png,29679,403DF39709916277A20E83E2D757AC95
images/xx,clock_48.png,29502,8E01F9B34E9ECCD81425F23E0C297DA5
images/xx,clock_49.png,29483,0A3A9A5D3F86C436020B0AE3B2C88B12
images/xx,clock_5.png,28169,F989BC773C40D9F473112A8E8E5FF54D
images/xx,clock_50.png,29225,5AA31AF13D7ED12F89B2CDCCE7A71A5F
images/xx,clock_51.png,29060,BDD867A7F5BA41910D078C7A3B6C84ED
images/xx,clock_52.png,28846,CFB955562EB2C43EF2C4A95739C456CF
images/xx,clock_53.png,28670,16BA75F2B07F10AFDCF121FB4915B5A7
images/xx,clock_54.png,28449,665734FD7057D353AA163B0E5F633742
images/xx,clock_55.png,28169,F989BC773C40D9F473112A8E8E5FF54D
images/xx,clock_56.png,27872,12D808CF59E8BB680391D7DC5BE09B15
images/xx,clock_57.png,27578,D040A356D2A2552BD907DC801E98EC31
images/xx,clock_58.png,27449,C1DD9F15D116DEF16ACB92E857ADBBD7
images/xx,clock_59.png,27300,6FF34023D8C8243335A0E5A0654A021A
images/xx,clock_6.png,28449,665734FD7057D353AA163B0E5F633742
images/xx,clock_7.png,28680,C91ABE50E2D2CF9E33F23333F92C03CC
images/xx,clock_8.png,28845,405077E18A92A934565251170AEEACD1
images/xx,clock_9.png,29060,BDD867A7F5BA41910D078C7A3B6C84ED
images/xx,gauss_0.png,3931,C285BD30508489AB58B65CC866BC1015
images/xx,gauss_1.png,6379,8410C37455A466E20855BB0A24FD229D
images/xx,gauss_2.png,6628,C333AB86829D3220E579499555BE504A
images/xx,gauss_3.png,6773,19ABD858AECFC09479F4128281F0DB2F
images/xx,gauss_4.png,6621,029BBD08039D239FBE5F60BD20C52D9F
images/xx,gauss_5.png,6437,DD073C8555A6CCB9300A3C79D28CAD26
images/xx,green1.png,32921,6BAD9D073ACAC0AF3AD9916AA0C79B15
images/xx,green10.png,27674,61008602C508EE56785CD76735A4C1F5
images/xx,green11.png,27270,B9AAD3E59247CE772B296C62D7DABE84
images/xx,green12.png,27382,E5FD988476802E8998D241F50B57A760
images/xx,green13.png,29684,3F8E4FCFE529964E9D2C965EA733C0BF
images/xx,green14.png,30357,D2FE0B83C7186AB5A9008B8EB0833183
images/xx,green15.png,30621,F343C0819937647A2AE68A3FF653EB8E
images/xx,green2.png,33229,E242CBC4DC7E9E923B01BDCEA35DAC87
images/xx,green3.png,32540,530936E3C4D2273DB5C6795FDE560C1C
images/xx,green4.png,32118,4A50EC86A09279C4F993A0AF6BDA10D2
images/xx,green5.png,29627,CDBBCE737E6D51F8615F7C7F2358DD27
images/xx,green6.png,29797,658B9661EA653D5D1C7B6416688693F1
images/xx,green7.png,28343,E67D1253B1FE8E6901F90C5768020E6A
images/xx,green8.png,29486,9B4595952BF9090C05FDA406EF8C1946
images/xx,green9.png,28710,4908FC17BDBC44A78169CF3A989B8AE8
images/xx,hhmssymmdd.jpeg,5584,83D4F8B47B79838C78A236DBBCD85296
images/xx,logo.png,11412,94E76B7413176F975405EBD6221BA4FE
images/xx,lvl_1.png,1071,B0C92C926161CEA5D25F68078FF07D87
images/xx,lvl_2.png,1387,1C2DA4975BB8D9968ED711CDD62B51B6
images/xx,lvl_3.png,1469,408B15380E8B817DB0BE47278045A3E1
images/xx,lvl_4.png,1287,D5DA6C5E742C8966A99AAE26A5AE4363
images/xx,lvl_5.png,1354,7EE843806D9BEFE9B74ECF536CD26D12
images/xx,lvl_s_1.png,2563,67E435DC56A4864D081E8E6566212416
images/xx,lvl_s_2.png,2887,CCF80AA4A910F69FB6A839FE1612AABD
images/xx,lvl_s_3.png,2970,4CF691DB0D8016D6439A583BADFFBEEA
images/xx,lvl_s_4.png,2806,F2354A0C01FEED83A888EA0F85356159
images/xx,lvl_s_5.png,2840,B3AD9AB102EFA4DA86FA12D3E86687A7
images/xx,mas.png,950,C9665E96CACC183C5843776151C86B26
images/xx,mas_s.png,2533,3EE71FDE045437CA5D3C25B7F4513F11
images/xx,menos.png,923,74E9A2D6FC8E936C398B9698082F1722
images/xx,menos_s.png,2512,2B24376CD8A9069573B5CD35BEB0CBC9
images/xx,menu_logo.png,49770,D191A40A8E864F37CC2F41D5CD4E74C2
images/xx,menu_play.png,68317,30639B95C1EDB8890E591425EAA209B9
images/xx,menu_principal.png,34318,494EFEBC5F201F32024A35C06B966AFE
images/xx,menu_tm_4.png,28088,152FE2DF2C9525445DBEC188043DBE93
images/xx,m_4.png,3616,A3E36F79C8C3761E0AD8128C93948636
images/xx,next_s.png,4090,628154456494FC2DD8E3E0CFED116095
images/xx,save.png,1443,6B3CEBBB19DDD4CF384670B1F1FD59FC
images/xx,save_s.png,3084,4C9C3E4291C3B9E3C121DEE44BAF7F94
images/xx,time_0.png,5226,65F937E056E97529F54870273D9967A8
images/xx,time_1.png,7953,B23404F201D05BE93956076C7659DAB2
images/xx,time_2.png,8028,924FB62321CDE8D9CFB6EB94DE5487A8
images/xx,time_3.png,8263,A376045FE4F986CE2BD98BBE34023B0D
images/xx,time_4.png,8161,F10C99EDDCC694A58C747DA10780FD9B
images/xx,time_5.png,8155,008FA7D9B77BF2DBBB128DB29CAA724E
images/xx,time_6.png,7906,621ACB18C7005BF1AECD78BCF61F1AD7
images/xx,time_s_1.png,2950,E26B9DCBB2D58EED5E11D7AB385A24F0
images/xx,time_s_2.png,3254,3BD26C4596E2B09CC1855B7E2D325B67
images/xx,time_s_3.png,3132,F6BE448FC3D0C0A48012606C98D54EA5
images/xx,time_s_4.png,3216,305B896177C69FFD136C3BBAAF8D647F
images/xx,time_s_5.png,3107,098275A80D26F43785F7F4BA119C9D4F
images/xx,time_s_6.png,3237,425EFDD8394274ABDBABAEA4917F5D81
images/xx,tm_1.png,8152,DE0D9ED22B5686940382ABECE7AB2023
styles,default.bin,41154,7DC133F3D076A8FD4C92C943A89A3838
styles,default.xml,18499,616FEDAC1F350DDEF6F8F1B5C02815F2
styles,keyboard.bin,3808,8DDB9885CBCCE65DA2A8618F1E06BFF8
styles,keyboard.xml,1486,53D2114C5CF601C3B88BB2545EF37D76
ui,history.bin,145822,3553FE13F94C5962F7F6B29510DF809F
ui,history.xml,121473,C537CD2CDE389F0C9C2CF4A30D89C70C
ui,home_page.bin,2082,785973F9FB31644C1D4CE828BE1788A2
ui,home_page.xml,2145,42E77788987EC5AB406A9B4C79B0BE45
ui,kb_default.bin,17955,2896FD217E37A7246B8B35270DB63921
ui,kb_default.xml,12315,19E7C42ABD477068063D87D34D05BA33
ui,MTM01.bin,1946,FC6B94EF3E8F01390B448268C23B033A
ui,MTM01.xml,2015,893841334D41A32554B6B08415C2F05C
ui,W01.bin,10009,686CE9BB91F60C4AC274CD94DC7BFC50
ui,W01.xml,10493,6775B7F59D925A917782E923130205B9
ui,W02.bin,3229,994DF4446E0D97E1996413D3E19B631A
ui,W02.xml,3342,37489C66DD62FA76E2928AEAD8A6EFAA
ui,WSetting.bin,633,C8C198ED9696966BB741060192364226
ui,WSetting.xml,609,890317AE02DB3705E0159162611C9147
